external_image_url,origin,table,column,record_id,file,line,current_value,suggested_local_path,is_absolute_url,is_video
https://digitalageexpo.com/files/buy_ticket_banner1.jpg,code,,,,src/app/buy_tickets/page.tsx,39,https://digitalageexpo.com/files/buy_ticket_banner1.jpg,/images/external/buy_ticket_banner1.jpg,true,false
https://digitalageexpo.com/files/listing_pages/818073-dae_index_top_banner.jpg,code,,,,src/app/event_experience/page.tsx,104,https://digitalageexpo.com/files/listing_pages/818073-dae_index_top_banner.jpg,/images/external/listing_pages/818073-dae_index_top_banner.jpg,true,false
https://tradeshowslocal.com/files/listing_pages/817601-cta_img.jpg,code,,,,src/app/event_experience/page.tsx,265,https://tradeshowslocal.com/files/listing_pages/817601-cta_img.jpg,/images/external/listing_pages/817601-cta_img.jpg,true,false
https://digitalageexpo.com/files/listing_pages/817601-book_seat_img.jpg,code,,,,src/app/event_experience/page.tsx,407,https://digitalageexpo.com/files/listing_pages/817601-book_seat_img.jpg,/images/external/listing_pages/817601-book_seat_img.jpg,true,false
https://digitalageexpo.com/files/listing_pages/818073-dae_index_top_banner.jpg,code,,,,src/app/event_features/page.tsx,120,https://digitalageexpo.com/files/listing_pages/818073-dae_index_top_banner.jpg,/images/external/listing_pages/818073-dae_index_top_banner.jpg,true,false
https://digitalageexpo.com/files/listing_pages/818073-dae_index_top_banner.jpg,code,,,,src/app/exhibitor-registration/page.tsx,102,https://digitalageexpo.com/files/listing_pages/818073-dae_index_top_banner.jpg,/images/external/listing_pages/818073-dae_index_top_banner.jpg,true,false
https://findusonweb.com/files/listing_pages/817601-27972070586_73eb8ef975_o (1).jpg,code,,,,src/app/exhibitor-registration/page.tsx,138,https://findusonweb.com/files/listing_pages/817601-27972070586_73eb8ef975_o (1).jpg,/images/external/listing_pages/817601-27972070586_73eb8ef975_o%20(1).jpg,true,false
https://digitalageexpo.com/files/listing_pages/817601-backgr.jpg,code,,,,src/app/exhibitor-registration/page.tsx,213,https://digitalageexpo.com/files/listing_pages/817601-backgr.jpg,/images/external/listing_pages/817601-backgr.jpg,true,false
https://digitalageexpo.com/files/listing_pages/817601-exibitor.png,code,,,,src/app/frequently-asked-questions/FaqPageContent.tsx,60,https://digitalageexpo.com/files/listing_pages/817601-exibitor.png,/images/external/listing_pages/817601-exibitor.png,true,false
https://findusonweb.com/files/listing_pages/817601-05_INTRO_OK-1.mp4,code,,,,src/app/glimpse-of-the-show/page.tsx,70,https://findusonweb.com/files/listing_pages/817601-05_INTRO_OK-1.mp4,/images/external/listing_pages/817601-05_INTRO_OK-1.mp4,true,true
https://digitalageexpo.com/files/listing_pages/818073-dae_index_top_banner.jpg,code,,,,src/app/members/user_event_summary/page.tsx,46,https://digitalageexpo.com/files/listing_pages/818073-dae_index_top_banner.jpg,/images/external/listing_pages/818073-dae_index_top_banner.jpg,true,false
https://digitalageexpo.com/files/listing_pages/818073-dae_index_top_banner.jpg,code,,,,src/app/our_sponsor/page.tsx,45,https://digitalageexpo.com/files/listing_pages/818073-dae_index_top_banner.jpg,/images/external/listing_pages/818073-dae_index_top_banner.jpg,true,false
https://digitalageexpo.com/files/listing_pages/818073-dae_index_top_banner.jpg,code,,,,src/app/sponsors/page.tsx,54,https://digitalageexpo.com/files/listing_pages/818073-dae_index_top_banner.jpg,/images/external/listing_pages/818073-dae_index_top_banner.jpg,true,false
https://digitalageexpo.com/files/lobby/event_47.mp4?revision=4aa25b9fb8b4163cbe17606b34b74288,code,,,,src/app/virtual-event/[slug]/page.tsx,450,https://digitalageexpo.com/files/lobby/event_47.mp4?revision=4aa25b9fb8b4163cbe17606b34b74288,/images/external/lobby/event_47.mp4,true,true
https://digitalageexpo.com/files/listing_pages/818073-dae_index_top_banner.jpg,code,,,,src/app/why-exhibit/page.tsx,81,https://digitalageexpo.com/files/listing_pages/818073-dae_index_top_banner.jpg,/images/external/listing_pages/818073-dae_index_top_banner.jpg,true,false
https://digitalageexpo.com/files/listing_pages/818073-dae_index_top_banner.jpg,code,,,,src/app/why_join_exhibit/page.tsx,135,https://digitalageexpo.com/files/listing_pages/818073-dae_index_top_banner.jpg,/images/external/listing_pages/818073-dae_index_top_banner.jpg,true,false
https://digitalageexpo.com/files/lobby/child/event_327.jpg,code,,,,src/components/exhibitors/ExhibitorInformationForm.tsx,35,https://digitalageexpo.com/files/lobby/child/event_327.jpg,/images/external/lobby/child/event_327.jpg,true,false
https://digitalageexpo.com/files/lobby/child/event_1495.png,code,,,,src/components/exhibitors/ExhibitorInformationForm.tsx,36,https://digitalageexpo.com/files/lobby/child/event_1495.png,/images/external/lobby/child/event_1495.png,true,false
https://digitalageexpo.com/files/lobby/child/event_1473.png,code,,,,src/components/exhibitors/ExhibitorInformationForm.tsx,37,https://digitalageexpo.com/files/lobby/child/event_1473.png,/images/external/lobby/child/event_1473.png,true,false
https://digitalageexpo.com/files/lobby/child/event_1496.png,code,,,,src/components/exhibitors/ExhibitorInformationForm.tsx,38,https://digitalageexpo.com/files/lobby/child/event_1496.png,/images/external/lobby/child/event_1496.png,true,false
https://digitalageexpo.com/files/lobby/child/event_1497.png,code,,,,src/components/exhibitors/ExhibitorInformationForm.tsx,39,https://digitalageexpo.com/files/lobby/child/event_1497.png,/images/external/lobby/child/event_1497.png,true,false
https://digitalageexpo.com/files/lobby/child/event_1498.png,code,,,,src/components/exhibitors/ExhibitorInformationForm.tsx,40,https://digitalageexpo.com/files/lobby/child/event_1498.png,/images/external/lobby/child/event_1498.png,true,false
https://digitalageexpo.com/files/lobby/child/event_708.png,code,,,,src/components/exhibitors/ExhibitorInformationForm.tsx,41,https://digitalageexpo.com/files/lobby/child/event_708.png,/images/external/lobby/child/event_708.png,true,false
https://digitalageexpo.com/files/listing_pages/817601-exhibitor.jpg,code,,,,src/components/exhibitors/ExhibitorStandSection.tsx,62,https://digitalageexpo.com/files/listing_pages/817601-exhibitor.jpg,/images/external/listing_pages/817601-exhibitor.jpg,true,false
https://digitalageexpo.com/files/listing_pages/817601-exhibitor_2.jpg,code,,,,src/components/exhibitors/ExhibitorStandSection.tsx,92,https://digitalageexpo.com/files/listing_pages/817601-exhibitor_2.jpg,/images/external/listing_pages/817601-exhibitor_2.jpg,true,false
https://digitalageexpo.com/files/listing_pages/818073-exhibition.png,code,,,,src/components/exhibitors/ExhibitorStandSection.tsx,114,https://digitalageexpo.com/files/listing_pages/818073-exhibition.png,/images/external/listing_pages/818073-exhibition.png,true,false
https://digitalageexpo.com/images/maxresdefault.jpg,code,,,,src/components/home/GetFreeTicket.tsx,126,https://digitalageexpo.com/images/maxresdefault.jpg,/images/external/site/maxresdefault.jpg,true,false
https://digitalageexpo.com/images/get_ticket.mp4,code,,,,src/components/home/GetFreeTicket.tsx,132,https://digitalageexpo.com/images/get_ticket.mp4,/images/external/site/get_ticket.mp4,true,true
https://digitalageexpo.com/files/listing_pages/818073-dae_index_top_banner.jpg,code,,,,src/components/home/HeroSection.tsx,20,https://digitalageexpo.com/files/listing_pages/818073-dae_index_top_banner.jpg,/images/external/listing_pages/818073-dae_index_top_banner.jpg,true,false
https://digitalageexpo.com/images/croped_hurry.jpg,code,,,,src/components/home/TicketUrgency.tsx,17,https://digitalageexpo.com/images/croped_hurry.jpg,/images/external/site/croped_hurry.jpg,true,false
https://apps.digitalageexpo.com/images/speaker_hall.png,code,,,,src/lib/assets.ts,43,https://apps.digitalageexpo.com/images/speaker_hall.png,/images/external/apps/speaker_hall.png,true,false
https://digitalageexpo.com/files/listing_pages/817601-tillu_white.png,code,,,,scripts/README-image-migration.md,47,https://digitalageexpo.com/files/listing_pages/817601-tillu_white.png,/images/external/listing_pages/817601-tillu_white.png,true,false
https://apps.digitalageexpo.com/images/speaker_hall.png,code,,,,scripts/README-image-migration.md,48,https://apps.digitalageexpo.com/images/speaker_hall.png,/images/external/apps/speaker_hall.png,true,false
https://digitalageexpo.com/images/get_ticket.mp4,code,,,,scripts/README-image-migration.md,49,https://digitalageexpo.com/images/get_ticket.mp4,/images/external/site/get_ticket.mp4,true,true
https://digitalageexpo.com/484.jpg,db,find_speakers,profile_pic,484,,,484.jpg,/images/external/484.jpg,false,false
https://digitalageexpo.com/153.jpg,db,find_speakers,profile_pic,485,,,153.jpg,/images/external/153.jpg,false,false
https://digitalageexpo.com/155.jpg,db,find_speakers,profile_pic,486,,,155.jpg,/images/external/155.jpg,false,false
https://digitalageexpo.com/159.png,db,find_speakers,profile_pic,487,,,159.png,/images/external/159.png,false,false
https://digitalageexpo.com/162.jpg,db,find_speakers,profile_pic,488,,,162.jpg,/images/external/162.jpg,false,false
https://digitalageexpo.com/163.jpg,db,find_speakers,profile_pic,489,,,163.jpg,/images/external/163.jpg,false,false
https://digitalageexpo.com/490.png,db,find_speakers,profile_pic,490,,,490.png,/images/external/490.png,false,false
https://digitalageexpo.com/166.jpg,db,find_speakers,profile_pic,491,,,166.jpg,/images/external/166.jpg,false,false
https://digitalageexpo.com/167.jpg,db,find_speakers,profile_pic,492,,,167.jpg,/images/external/167.jpg,false,false
https://digitalageexpo.com/171.jpg,db,find_speakers,profile_pic,494,,,171.jpg,/images/external/171.jpg,false,false
https://digitalageexpo.com/176.jpg,db,find_speakers,profile_pic,495,,,176.jpg,/images/external/176.jpg,false,false
https://digitalageexpo.com/497.jpg,db,find_speakers,profile_pic,497,,,497.jpg,/images/external/497.jpg,false,false
https://digitalageexpo.com/498.jpg,db,find_speakers,profile_pic,498,,,498.jpg,/images/external/498.jpg,false,false
https://digitalageexpo.com/188.jpg,db,find_speakers,profile_pic,499,,,188.jpg,/images/external/188.jpg,false,false
https://digitalageexpo.com/189.jpg,db,find_speakers,profile_pic,500,,,189.jpg,/images/external/189.jpg,false,false
https://digitalageexpo.com/190.jpg,db,find_speakers,profile_pic,501,,,190.jpg,/images/external/190.jpg,false,false
https://digitalageexpo.com/192.jpg,db,find_speakers,profile_pic,502,,,192.jpg,/images/external/192.jpg,false,false
https://digitalageexpo.com/205.jpg,db,find_speakers,profile_pic,503,,,205.jpg,/images/external/205.jpg,false,false
https://digitalageexpo.com/504.jpg,db,find_speakers,profile_pic,504,,,504.jpg,/images/external/504.jpg,false,false
https://digitalageexpo.com/212.jpg,db,find_speakers,profile_pic,505,,,212.jpg,/images/external/212.jpg,false,false
https://digitalageexpo.com/213.png,db,find_speakers,profile_pic,506,,,213.png,/images/external/213.png,false,false
https://digitalageexpo.com/216.jpg,db,find_speakers,profile_pic,508,,,216.jpg,/images/external/216.jpg,false,false
https://digitalageexpo.com/218.jpg,db,find_speakers,profile_pic,509,,,218.jpg,/images/external/218.jpg,false,false
https://digitalageexpo.com/219.jpg,db,find_speakers,profile_pic,510,,,219.jpg,/images/external/219.jpg,false,false
https://digitalageexpo.com/220.jpg,db,find_speakers,profile_pic,511,,,220.jpg,/images/external/220.jpg,false,false
https://digitalageexpo.com/224.jpg,db,find_speakers,profile_pic,512,,,224.jpg,/images/external/224.jpg,false,false
https://digitalageexpo.com/225.jpg,db,find_speakers,profile_pic,513,,,225.jpg,/images/external/225.jpg,false,false
https://digitalageexpo.com/226.jpg,db,find_speakers,profile_pic,514,,,226.jpg,/images/external/226.jpg,false,false
https://digitalageexpo.com/243.jpg,db,find_speakers,profile_pic,516,,,243.jpg,/images/external/243.jpg,false,false
https://digitalageexpo.com/155.jpg,db,find_speakers,profile_pic,609,,,155.jpg,/images/external/155.jpg,false,false
https://digitalageexpo.com/244.jpg,db,find_speakers,profile_pic,517,,,244.jpg,/images/external/244.jpg,false,false
https://digitalageexpo.com/245.png,db,find_speakers,profile_pic,518,,,245.png,/images/external/245.png,false,false
https://digitalageexpo.com/246.png,db,find_speakers,profile_pic,519,,,246.png,/images/external/246.png,false,false
https://digitalageexpo.com/520.jpg,db,find_speakers,profile_pic,520,,,520.jpg,/images/external/520.jpg,false,false
https://digitalageexpo.com/250.jpg,db,find_speakers,profile_pic,521,,,250.jpg,/images/external/250.jpg,false,false
https://digitalageexpo.com/251.jpg,db,find_speakers,profile_pic,522,,,251.jpg,/images/external/251.jpg,false,false
https://digitalageexpo.com/252.jpg,db,find_speakers,profile_pic,523,,,252.jpg,/images/external/252.jpg,false,false
https://digitalageexpo.com/253.jpg,db,find_speakers,profile_pic,524,,,253.jpg,/images/external/253.jpg,false,false
https://digitalageexpo.com/255.jpg,db,find_speakers,profile_pic,525,,,255.jpg,/images/external/255.jpg,false,false
https://digitalageexpo.com/256.jpg,db,find_speakers,profile_pic,526,,,256.jpg,/images/external/256.jpg,false,false
https://digitalageexpo.com/610.jpg,db,find_speakers,profile_pic,610,,,610.jpg,/images/external/610.jpg,false,false
https://digitalageexpo.com/257.jpg,db,find_speakers,profile_pic,527,,,257.jpg,/images/external/257.jpg,false,false
https://digitalageexpo.com/258.jpg,db,find_speakers,profile_pic,528,,,258.jpg,/images/external/258.jpg,false,false
https://digitalageexpo.com/264.jpg,db,find_speakers,profile_pic,529,,,264.jpg,/images/external/264.jpg,false,false
https://digitalageexpo.com/530.jpg,db,find_speakers,profile_pic,530,,,530.jpg,/images/external/530.jpg,false,false
https://digitalageexpo.com/266.png,db,find_speakers,profile_pic,531,,,266.png,/images/external/266.png,false,false
https://digitalageexpo.com/268.png,db,find_speakers,profile_pic,532,,,268.png,/images/external/268.png,false,false
https://digitalageexpo.com/269.jpg,db,find_speakers,profile_pic,533,,,269.jpg,/images/external/269.jpg,false,false
https://digitalageexpo.com/552.jpg,db,find_speakers,profile_pic,552,,,552.jpg,/images/external/552.jpg,false,false
https://digitalageexpo.com/562.jpg,db,find_speakers,profile_pic,562,,,562.jpg,/images/external/562.jpg,false,false
https://digitalageexpo.com/175.jpg,db,find_speakers,profile_pic,623,,,175.jpg,/images/external/175.jpg,false,false
https://digitalageexpo.com/563.jpeg,db,find_speakers,profile_pic,563,,,563.jpeg,/images/external/563.jpeg,false,false
https://digitalageexpo.com/565.jpeg,db,find_speakers,profile_pic,565,,,565.jpeg,/images/external/565.jpeg,false,false
https://digitalageexpo.com/570.jpg,db,find_speakers,profile_pic,570,,,570.jpg,/images/external/570.jpg,false,false
https://digitalageexpo.com/155.jpg,db,find_speakers,profile_pic,598,,,155.jpg,/images/external/155.jpg,false,false
https://digitalageexpo.com/155.jpg,db,find_speakers,profile_pic,607,,,155.jpg,/images/external/155.jpg,false,false
https://digitalageexpo.com/615.jpg,db,find_speakers,profile_pic,615,,,615.jpg,/images/external/615.jpg,false,false
https://digitalageexpo.com/616.jpg,db,find_speakers,profile_pic,616,,,616.jpg,/images/external/616.jpg,false,false
https://digitalageexpo.com/618.jpg,db,find_speakers,profile_pic,618,,,618.jpg,/images/external/618.jpg,false,false
https://digitalageexpo.com/619.jpg,db,find_speakers,profile_pic,619,,,619.jpg,/images/external/619.jpg,false,false
https://digitalageexpo.com/173.jpg,db,find_speakers,profile_pic,620,,,173.jpg,/images/external/173.jpg,false,false
https://digitalageexpo.com/204.jpg,db,find_speakers,profile_pic,621,,,204.jpg,/images/external/204.jpg,false,false
https://digitalageexpo.com/211.jpg,db,find_speakers,profile_pic,622,,,211.jpg,/images/external/211.jpg,false,false
https://digitalageexpo.com/624.jpg,db,find_speakers,profile_pic,624,,,624.jpg,/images/external/624.jpg,false,false
https://digitalageexpo.com/161.jpg,db,find_speakers,profile_pic,625,,,161.jpg,/images/external/161.jpg,false,false
https://digitalageexpo.com/223.jpg,db,find_speakers,profile_pic,626,,,223.jpg,/images/external/223.jpg,false,false
https://digitalageexpo.com/172.jpg,db,find_speakers,profile_pic,627,,,172.jpg,/images/external/172.jpg,false,false
https://digitalageexpo.com/155.jpg,db,find_speakers,profile_pic,651,,,155.jpg,/images/external/155.jpg,false,false
https://digitalageexpo.com/168.jpg,db,find_speakers,profile_pic,629,,,168.jpg,/images/external/168.jpg,false,false
https://digitalageexpo.com/155.jpg,db,find_speakers,profile_pic,632,,,155.jpg,/images/external/155.jpg,false,false
https://digitalageexpo.com/155.jpg,db,find_speakers,profile_pic,635,,,155.jpg,/images/external/155.jpg,false,false
https://digitalageexpo.com/637.png,db,find_speakers,profile_pic,637,,,637.png,/images/external/637.png,false,false
https://digitalageexpo.com/641.jpg,db,find_speakers,profile_pic,641,,,641.jpg,/images/external/641.jpg,false,false
https://digitalageexpo.com/643.jpg,db,find_speakers,profile_pic,643,,,643.jpg,/images/external/643.jpg,false,false
https://digitalageexpo.com/646.jpeg,db,find_speakers,profile_pic,646,,,646.jpeg,/images/external/646.jpeg,false,false
https://digitalageexpo.com/653.jpg,db,find_speakers,profile_pic,653,,,653.jpg,/images/external/653.jpg,false,false
https://digitalageexpo.com/654.jpg,db,find_speakers,profile_pic,654,,,654.jpg,/images/external/654.jpg,false,false
https://digitalageexpo.com/655.jpg,db,find_speakers,profile_pic,655,,,655.jpg,/images/external/655.jpg,false,false
https://digitalageexpo.com/155.jpg,db,find_speakers,profile_pic,656,,,155.jpg,/images/external/155.jpg,false,false
https://digitalageexpo.com/657.jpg,db,find_speakers,profile_pic,657,,,657.jpg,/images/external/657.jpg,false,false
https://digitalageexpo.com/658.jpg,db,find_speakers,profile_pic,658,,,658.jpg,/images/external/658.jpg,false,false
https://digitalageexpo.com/151.png,db,find_speakers,profile_pic,659,,,151.png,/images/external/151.png,false,false
https://digitalageexpo.com/717.jpg,db,find_speakers,profile_pic,717,,,717.jpg,/images/external/717.jpg,false,false
https://digitalageexpo.com/662.jpg,db,find_speakers,profile_pic,662,,,662.jpg,/images/external/662.jpg,false,false
https://digitalageexpo.com/151.png,db,find_speakers,profile_pic,667,,,151.png,/images/external/151.png,false,false
https://digitalageexpo.com/677.jpg,db,find_speakers,profile_pic,677,,,677.jpg,/images/external/677.jpg,false,false
https://digitalageexpo.com/679.jpg,db,find_speakers,profile_pic,679,,,679.jpg,/images/external/679.jpg,false,false
https://digitalageexpo.com/683.jpg,db,find_speakers,profile_pic,683,,,683.jpg,/images/external/683.jpg,false,false
https://digitalageexpo.com/689.JPG,db,find_speakers,profile_pic,689,,,689.JPG,/images/external/689.JPG,false,false
https://digitalageexpo.com/691.jpg,db,find_speakers,profile_pic,691,,,691.jpg,/images/external/691.jpg,false,false
https://digitalageexpo.com/692.jpg,db,find_speakers,profile_pic,692,,,692.jpg,/images/external/692.jpg,false,false
https://digitalageexpo.com/695.jpg,db,find_speakers,profile_pic,695,,,695.jpg,/images/external/695.jpg,false,false
https://digitalageexpo.com/718.jpg,db,find_speakers,profile_pic,718,,,718.jpg,/images/external/718.jpg,false,false
https://digitalageexpo.com/696.jpg,db,find_speakers,profile_pic,696,,,696.jpg,/images/external/696.jpg,false,false
https://digitalageexpo.com/698.png,db,find_speakers,profile_pic,698,,,698.png,/images/external/698.png,false,false
https://digitalageexpo.com/699.jpg,db,find_speakers,profile_pic,699,,,699.jpg,/images/external/699.jpg,false,false
https://digitalageexpo.com/701.jpg,db,find_speakers,profile_pic,701,,,701.jpg,/images/external/701.jpg,false,false
https://digitalageexpo.com/702.jpg,db,find_speakers,profile_pic,702,,,702.jpg,/images/external/702.jpg,false,false
https://digitalageexpo.com/703.jpg,db,find_speakers,profile_pic,703,,,703.jpg,/images/external/703.jpg,false,false
https://digitalageexpo.com/706.jpg,db,find_speakers,profile_pic,706,,,706.jpg,/images/external/706.jpg,false,false
https://digitalageexpo.com/151.png,db,find_speakers,profile_pic,712,,,151.png,/images/external/151.png,false,false
https://digitalageexpo.com/715.jpg,db,find_speakers,profile_pic,715,,,715.jpg,/images/external/715.jpg,false,false
https://digitalageexpo.com/716.jpg,db,find_speakers,profile_pic,716,,,716.jpg,/images/external/716.jpg,false,false
https://digitalageexpo.com/719.jpg,db,find_speakers,profile_pic,719,,,719.jpg,/images/external/719.jpg,false,false
https://digitalageexpo.com/720.jpg,db,find_speakers,profile_pic,720,,,720.jpg,/images/external/720.jpg,false,false
https://digitalageexpo.com/721.jpg,db,find_speakers,profile_pic,721,,,721.jpg,/images/external/721.jpg,false,false
https://digitalageexpo.com/722.jpg,db,find_speakers,profile_pic,722,,,722.jpg,/images/external/722.jpg,false,false
https://digitalageexpo.com/724.jpg,db,find_speakers,profile_pic,724,,,724.jpg,/images/external/724.jpg,false,false
https://digitalageexpo.com/725.jpg,db,find_speakers,profile_pic,725,,,725.jpg,/images/external/725.jpg,false,false
https://digitalageexpo.com/727.jpg,db,find_speakers,profile_pic,727,,,727.jpg,/images/external/727.jpg,false,false
https://digitalageexpo.com/728.jpg,db,find_speakers,profile_pic,728,,,728.jpg,/images/external/728.jpg,false,false
https://digitalageexpo.com/730.JPG,db,find_speakers,profile_pic,730,,,730.JPG,/images/external/730.JPG,false,false
https://digitalageexpo.com/731.jpg,db,find_speakers,profile_pic,731,,,731.jpg,/images/external/731.jpg,false,false
https://digitalageexpo.com/1223.jpg,db,find_speakers,profile_pic,1223,,,1223.jpg,/images/external/1223.jpg,false,false
https://digitalageexpo.com/1388.jpg,db,find_speakers,profile_pic,1388,,,1388.jpg,/images/external/1388.jpg,false,false
https://digitalageexpo.com/1414.png,db,find_speakers,profile_pic,1414,,,1414.png,/images/external/1414.png,false,false
https://digitalageexpo.com/1965.PNG,db,find_speakers,profile_pic,1965,,,1965.PNG,/images/external/1965.PNG,false,false
https://digitalageexpo.com/2526.jpg,db,find_speakers,profile_pic,2526,,,2526.jpg,/images/external/2526.jpg,false,false
https://digitalageexpo.com/2638.jpeg,db,find_speakers,profile_pic,2638,,,2638.jpeg,/images/external/2638.jpeg,false,false
https://digitalageexpo.com/2703.jpg,db,find_speakers,profile_pic,2703,,,2703.jpg,/images/external/2703.jpg,false,false
https://digitalageexpo.com/2726.jpg,db,find_speakers,profile_pic,2726,,,2726.jpg,/images/external/2726.jpg,false,false
https://digitalageexpo.com/3171.jpg,db,find_speakers,profile_pic,3171,,,3171.jpg,/images/external/3171.jpg,false,false
https://digitalageexpo.com/3196.JPG,db,find_speakers,profile_pic,3196,,,3196.JPG,/images/external/3196.JPG,false,false
https://digitalageexpo.com/3300.jpg,db,find_speakers,profile_pic,3300,,,3300.jpg,/images/external/3300.jpg,false,false
https://digitalageexpo.com/155.jpg,db,find_speakers,profile_pic,8299,,,155.jpg,/images/external/155.jpg,false,false
https://digitalageexpo.com/3399.jpg,db,find_speakers,profile_pic,3399,,,3399.jpg,/images/external/3399.jpg,false,false
https://digitalageexpo.com/3416.jpg,db,find_speakers,profile_pic,3416,,,3416.jpg,/images/external/3416.jpg,false,false
https://digitalageexpo.com/3441.jpg,db,find_speakers,profile_pic,3441,,,3441.jpg,/images/external/3441.jpg,false,false
https://digitalageexpo.com/3444.jpg,db,find_speakers,profile_pic,3444,,,3444.jpg,/images/external/3444.jpg,false,false
https://digitalageexpo.com/155.jpg,db,find_speakers,profile_pic,8304,,,155.jpg,/images/external/155.jpg,false,false
https://digitalageexpo.com/3922.jpg,db,find_speakers,profile_pic,3922,,,3922.jpg,/images/external/3922.jpg,false,false
https://digitalageexpo.com/4116.jpg,db,find_speakers,profile_pic,4116,,,4116.jpg,/images/external/4116.jpg,false,false
https://digitalageexpo.com/5298.jpg,db,find_speakers,profile_pic,5298,,,5298.jpg,/images/external/5298.jpg,false,false
https://digitalageexpo.com/5851.jpg,db,find_speakers,profile_pic,5851,,,5851.jpg,/images/external/5851.jpg,false,false
https://digitalageexpo.com/6055.jpg,db,find_speakers,profile_pic,6055,,,6055.jpg,/images/external/6055.jpg,false,false
https://digitalageexpo.com/151.png,db,find_speakers,profile_pic,8312,,,151.png,/images/external/151.png,false,false
https://digitalageexpo.com/6100.jpg,db,find_speakers,profile_pic,6100,,,6100.jpg,/images/external/6100.jpg,false,false
https://digitalageexpo.com/151.png,db,find_speakers,profile_pic,7350,,,151.png,/images/external/151.png,false,false
https://digitalageexpo.com/151.png,db,find_speakers,profile_pic,7377,,,151.png,/images/external/151.png,false,false
https://digitalageexpo.com/7880.jpeg,db,find_speakers,profile_pic,7880,,,7880.jpeg,/images/external/7880.jpeg,false,false
https://digitalageexpo.com/8314.jpg,db,find_speakers,profile_pic,8314,,,8314.jpg,/images/external/8314.jpg,false,false
https://digitalageexpo.com/8124.jpeg,db,find_speakers,profile_pic,8124,,,8124.jpeg,/images/external/8124.jpeg,false,false
https://digitalageexpo.com/155.jpg,db,find_speakers,profile_pic,8290,,,155.jpg,/images/external/155.jpg,false,false
https://digitalageexpo.com/8291.PNG,db,find_speakers,profile_pic,8291,,,8291.PNG,/images/external/8291.PNG,false,false
https://digitalageexpo.com/8295.png,db,find_speakers,profile_pic,8295,,,8295.png,/images/external/8295.png,false,false
https://digitalageexpo.com/8315.jpg,db,find_speakers,profile_pic,8315,,,8315.jpg,/images/external/8315.jpg,false,false
https://digitalageexpo.com/151.png,db,find_speakers,profile_pic,8317,,,151.png,/images/external/151.png,false,false
https://digitalageexpo.com/151.png,db,find_speakers,profile_pic,8318,,,151.png,/images/external/151.png,false,false
https://digitalageexpo.com/155.jpg,db,find_speakers,profile_pic,8319,,,155.jpg,/images/external/155.jpg,false,false
https://digitalageexpo.com/151.png,db,find_speakers,profile_pic,8320,,,151.png,/images/external/151.png,false,false
https://digitalageexpo.com/151.png,db,find_speakers,profile_pic,8324,,,151.png,/images/external/151.png,false,false
https://digitalageexpo.com/17050.jpg,db,find_speakers,profile_pic,17050,,,17050.jpg,/images/external/17050.jpg,false,false
https://digitalageexpo.com/22277.jpg,db,find_speakers,profile_pic,22277,,,22277.jpg,/images/external/22277.jpg,false,false
https://digitalageexpo.com/21443.png,db,find_speakers,profile_pic,21443,,,21443.png,/images/external/21443.png,false,false
https://digitalageexpo.com/22317.png,db,find_speakers,profile_pic,22317,,,22317.png,/images/external/22317.png,false,false
https://digitalageexpo.com/3196.JPG,db,find_speakers,profile_pic,22319,,,3196.JPG,/images/external/3196.JPG,false,false
https://digitalageexpo.com/3196.JPG,db,find_speakers,profile_pic,22321,,,3196.JPG,/images/external/3196.JPG,false,false
https://digitalageexpo.com/151.png,db,find_speakers,profile_pic,22324,,,151.png,/images/external/151.png,false,false
https://digitalageexpo.com/155.jpg,db,find_speakers,profile_pic,22366,,,155.jpg,/images/external/155.jpg,false,false
https://digitalageexpo.com/641.jpg,db,find_speakers,profile_pic,22396,,,641.jpg,/images/external/641.jpg,false,false
https://digitalageexpo.com/22400.jpg,db,find_speakers,profile_pic,22400,,,22400.jpg,/images/external/22400.jpg,false,false
https://digitalageexpo.com/151.png,db,find_speakers,profile_pic,22410,,,151.png,/images/external/151.png,false,false
https://digitalageexpo.com/22543.jpeg,db,find_speakers,profile_pic,22543,,,22543.jpeg,/images/external/22543.jpeg,false,false
https://digitalageexpo.com/22674.jpg,db,find_speakers,profile_pic,22674,,,22674.jpg,/images/external/22674.jpg,false,false
https://digitalageexpo.com/22277.jpg,db,find_speakers,profile_pic,22747,,,22277.jpg,/images/external/22277.jpg,false,false
https://digitalageexpo.com/21443.png,db,find_speakers,profile_pic,22755,,,21443.png,/images/external/21443.png,false,false
https://digitalageexpo.com/22317.png,db,find_speakers,profile_pic,22756,,,22317.png,/images/external/22317.png,false,false
https://digitalageexpo.com/3196.JPG,db,find_speakers,profile_pic,22757,,,3196.JPG,/images/external/3196.JPG,false,false
https://digitalageexpo.com/3196.JPG,db,find_speakers,profile_pic,22758,,,3196.JPG,/images/external/3196.JPG,false,false
https://digitalageexpo.com/151.png,db,find_speakers,profile_pic,22759,,,151.png,/images/external/151.png,false,false
https://digitalageexpo.com/155.jpg,db,find_speakers,profile_pic,22761,,,155.jpg,/images/external/155.jpg,false,false
https://digitalageexpo.com/641.jpg,db,find_speakers,profile_pic,22762,,,641.jpg,/images/external/641.jpg,false,false
https://digitalageexpo.com/22400.jpg,db,find_speakers,profile_pic,22763,,,22400.jpg,/images/external/22400.jpg,false,false
https://digitalageexpo.com/151.png,db,find_speakers,profile_pic,22764,,,151.png,/images/external/151.png,false,false
https://digitalageexpo.com/22543.jpeg,db,find_speakers,profile_pic,22767,,,22543.jpeg,/images/external/22543.jpeg,false,false
https://digitalageexpo.com/22674.jpg,db,find_speakers,profile_pic,22768,,,22674.jpg,/images/external/22674.jpg,false,false
https://digitalageexpo.com/485.png,db,find_speakers,social_media_pic,485,,,485.png,/images/external/485.png,false,false
https://digitalageexpo.com/486.png,db,find_speakers,social_media_pic,486,,,486.png,/images/external/486.png,false,false
https://digitalageexpo.com/487.png,db,find_speakers,social_media_pic,487,,,487.png,/images/external/487.png,false,false
https://digitalageexpo.com/488.png,db,find_speakers,social_media_pic,488,,,488.png,/images/external/488.png,false,false
https://digitalageexpo.com/489.png,db,find_speakers,social_media_pic,489,,,489.png,/images/external/489.png,false,false
https://digitalageexpo.com/491.png,db,find_speakers,social_media_pic,491,,,491.png,/images/external/491.png,false,false
https://digitalageexpo.com/494.png,db,find_speakers,social_media_pic,494,,,494.png,/images/external/494.png,false,false
https://digitalageexpo.com/498.png,db,find_speakers,social_media_pic,498,,,498.png,/images/external/498.png,false,false
https://digitalageexpo.com/500.png,db,find_speakers,social_media_pic,500,,,500.png,/images/external/500.png,false,false
https://digitalageexpo.com/503.png,db,find_speakers,social_media_pic,503,,,503.png,/images/external/503.png,false,false
https://digitalageexpo.com/504.png,db,find_speakers,social_media_pic,504,,,504.png,/images/external/504.png,false,false
https://digitalageexpo.com/508.png,db,find_speakers,social_media_pic,508,,,508.png,/images/external/508.png,false,false
https://digitalageexpo.com/510.png,db,find_speakers,social_media_pic,510,,,510.png,/images/external/510.png,false,false
https://digitalageexpo.com/511.png,db,find_speakers,social_media_pic,511,,,511.png,/images/external/511.png,false,false
https://digitalageexpo.com/512.png,db,find_speakers,social_media_pic,512,,,512.png,/images/external/512.png,false,false
https://digitalageexpo.com/513.png,db,find_speakers,social_media_pic,513,,,513.png,/images/external/513.png,false,false
https://digitalageexpo.com/514.png,db,find_speakers,social_media_pic,514,,,514.png,/images/external/514.png,false,false
https://digitalageexpo.com/516.png,db,find_speakers,social_media_pic,516,,,516.png,/images/external/516.png,false,false
https://digitalageexpo.com/517.png,db,find_speakers,social_media_pic,517,,,517.png,/images/external/517.png,false,false
https://digitalageexpo.com/518.png,db,find_speakers,social_media_pic,518,,,518.png,/images/external/518.png,false,false
https://digitalageexpo.com/519.png,db,find_speakers,social_media_pic,519,,,519.png,/images/external/519.png,false,false
https://digitalageexpo.com/520.png,db,find_speakers,social_media_pic,520,,,520.png,/images/external/520.png,false,false
https://digitalageexpo.com/522.png,db,find_speakers,social_media_pic,522,,,522.png,/images/external/522.png,false,false
https://digitalageexpo.com/523.png,db,find_speakers,social_media_pic,523,,,523.png,/images/external/523.png,false,false
https://digitalageexpo.com/524.png,db,find_speakers,social_media_pic,524,,,524.png,/images/external/524.png,false,false
https://digitalageexpo.com/525.png,db,find_speakers,social_media_pic,525,,,525.png,/images/external/525.png,false,false
https://digitalageexpo.com/527.png,db,find_speakers,social_media_pic,527,,,527.png,/images/external/527.png,false,false
https://digitalageexpo.com/530.png,db,find_speakers,social_media_pic,530,,,530.png,/images/external/530.png,false,false
https://digitalageexpo.com/532.png,db,find_speakers,social_media_pic,532,,,532.png,/images/external/532.png,false,false
https://digitalageexpo.com/533.png,db,find_speakers,social_media_pic,533,,,533.png,/images/external/533.png,false,false
https://digitalageexpo.com/552.png,db,find_speakers,social_media_pic,552,,,552.png,/images/external/552.png,false,false
https://digitalageexpo.com/565.png,db,find_speakers,social_media_pic,565,,,565.png,/images/external/565.png,false,false
https://digitalageexpo.com/570.png,db,find_speakers,social_media_pic,570,,,570.png,/images/external/570.png,false,false
https://digitalageexpo.com/615.png,db,find_speakers,social_media_pic,615,,,615.png,/images/external/615.png,false,false
https://digitalageexpo.com/616.png,db,find_speakers,social_media_pic,616,,,616.png,/images/external/616.png,false,false
https://digitalageexpo.com/618.png,db,find_speakers,social_media_pic,618,,,618.png,/images/external/618.png,false,false
https://digitalageexpo.com/621.png,db,find_speakers,social_media_pic,621,,,621.png,/images/external/621.png,false,false
https://digitalageexpo.com/622.png,db,find_speakers,social_media_pic,622,,,622.png,/images/external/622.png,false,false
https://digitalageexpo.com/625.png,db,find_speakers,social_media_pic,625,,,625.png,/images/external/625.png,false,false
https://digitalageexpo.com/626.png,db,find_speakers,social_media_pic,626,,,626.png,/images/external/626.png,false,false
https://digitalageexpo.com/628.png,db,find_speakers,social_media_pic,628,,,628.png,/images/external/628.png,false,false
https://digitalageexpo.com/641.png,db,find_speakers,social_media_pic,641,,,641.png,/images/external/641.png,false,false
https://digitalageexpo.com/643.png,db,find_speakers,social_media_pic,643,,,643.png,/images/external/643.png,false,false
https://digitalageexpo.com/653.png,db,find_speakers,social_media_pic,653,,,653.png,/images/external/653.png,false,false
https://digitalageexpo.com/654.png,db,find_speakers,social_media_pic,654,,,654.png,/images/external/654.png,false,false
https://digitalageexpo.com/655.png,db,find_speakers,social_media_pic,655,,,655.png,/images/external/655.png,false,false
https://digitalageexpo.com/657.png,db,find_speakers,social_media_pic,657,,,657.png,/images/external/657.png,false,false
https://digitalageexpo.com/658.png,db,find_speakers,social_media_pic,658,,,658.png,/images/external/658.png,false,false
https://digitalageexpo.com/717.png,db,find_speakers,social_media_pic,717,,,717.png,/images/external/717.png,false,false
https://digitalageexpo.com/662.png,db,find_speakers,social_media_pic,662,,,662.png,/images/external/662.png,false,false
https://digitalageexpo.com/677.png,db,find_speakers,social_media_pic,677,,,677.png,/images/external/677.png,false,false
https://digitalageexpo.com/679.png,db,find_speakers,social_media_pic,679,,,679.png,/images/external/679.png,false,false
https://digitalageexpo.com/683.png,db,find_speakers,social_media_pic,683,,,683.png,/images/external/683.png,false,false
https://digitalageexpo.com/688.png,db,find_speakers,social_media_pic,688,,,688.png,/images/external/688.png,false,false
https://digitalageexpo.com/689.png,db,find_speakers,social_media_pic,689,,,689.png,/images/external/689.png,false,false
https://digitalageexpo.com/691.png,db,find_speakers,social_media_pic,691,,,691.png,/images/external/691.png,false,false
https://digitalageexpo.com/695.png,db,find_speakers,social_media_pic,695,,,695.png,/images/external/695.png,false,false
https://digitalageexpo.com/718.png,db,find_speakers,social_media_pic,718,,,718.png,/images/external/718.png,false,false
https://digitalageexpo.com/696.png,db,find_speakers,social_media_pic,696,,,696.png,/images/external/696.png,false,false
https://digitalageexpo.com/698.png,db,find_speakers,social_media_pic,698,,,698.png,/images/external/698.png,false,false
https://digitalageexpo.com/699.png,db,find_speakers,social_media_pic,699,,,699.png,/images/external/699.png,false,false
https://digitalageexpo.com/701.png,db,find_speakers,social_media_pic,701,,,701.png,/images/external/701.png,false,false
https://digitalageexpo.com/702.png,db,find_speakers,social_media_pic,702,,,702.png,/images/external/702.png,false,false
https://digitalageexpo.com/703.png,db,find_speakers,social_media_pic,703,,,703.png,/images/external/703.png,false,false
https://digitalageexpo.com/706.png,db,find_speakers,social_media_pic,706,,,706.png,/images/external/706.png,false,false
https://digitalageexpo.com/716.png,db,find_speakers,social_media_pic,716,,,716.png,/images/external/716.png,false,false
https://digitalageexpo.com/719.png,db,find_speakers,social_media_pic,719,,,719.png,/images/external/719.png,false,false
https://digitalageexpo.com/721.png,db,find_speakers,social_media_pic,721,,,721.png,/images/external/721.png,false,false
https://digitalageexpo.com/722.png,db,find_speakers,social_media_pic,722,,,722.png,/images/external/722.png,false,false
https://digitalageexpo.com/725.png,db,find_speakers,social_media_pic,725,,,725.png,/images/external/725.png,false,false
https://digitalageexpo.com/727.png,db,find_speakers,social_media_pic,727,,,727.png,/images/external/727.png,false,false
https://digitalageexpo.com/728.png,db,find_speakers,social_media_pic,728,,,728.png,/images/external/728.png,false,false
https://digitalageexpo.com/730.png,db,find_speakers,social_media_pic,730,,,730.png,/images/external/730.png,false,false
https://digitalageexpo.com/731.png,db,find_speakers,social_media_pic,731,,,731.png,/images/external/731.png,false,false
https://digitalageexpo.com/1223.png,db,find_speakers,social_media_pic,1223,,,1223.png,/images/external/1223.png,false,false
https://digitalageexpo.com/1414.png,db,find_speakers,social_media_pic,1414,,,1414.png,/images/external/1414.png,false,false
https://digitalageexpo.com/1890.png,db,find_speakers,social_media_pic,1890,,,1890.png,/images/external/1890.png,false,false
https://digitalageexpo.com/1965.png,db,find_speakers,social_media_pic,1965,,,1965.png,/images/external/1965.png,false,false
https://digitalageexpo.com/2638.png,db,find_speakers,social_media_pic,2638,,,2638.png,/images/external/2638.png,false,false
https://digitalageexpo.com/2699.png,db,find_speakers,social_media_pic,2699,,,2699.png,/images/external/2699.png,false,false
https://digitalageexpo.com/2703.png,db,find_speakers,social_media_pic,2703,,,2703.png,/images/external/2703.png,false,false
https://digitalageexpo.com/2726.png,db,find_speakers,social_media_pic,2726,,,2726.png,/images/external/2726.png,false,false
https://digitalageexpo.com/2731.png,db,find_speakers,social_media_pic,2731,,,2731.png,/images/external/2731.png,false,false
https://digitalageexpo.com/2785.png,db,find_speakers,social_media_pic,2785,,,2785.png,/images/external/2785.png,false,false
https://digitalageexpo.com/3171.png,db,find_speakers,social_media_pic,3171,,,3171.png,/images/external/3171.png,false,false
https://digitalageexpo.com/3196.png,db,find_speakers,social_media_pic,3196,,,3196.png,/images/external/3196.png,false,false
https://digitalageexpo.com/3300.png,db,find_speakers,social_media_pic,3300,,,3300.png,/images/external/3300.png,false,false
https://digitalageexpo.com/3354.png,db,find_speakers,social_media_pic,3354,,,3354.png,/images/external/3354.png,false,false
https://digitalageexpo.com/3399.png,db,find_speakers,social_media_pic,3399,,,3399.png,/images/external/3399.png,false,false
https://digitalageexpo.com/3416.png,db,find_speakers,social_media_pic,3416,,,3416.png,/images/external/3416.png,false,false
https://digitalageexpo.com/3444.png,db,find_speakers,social_media_pic,3444,,,3444.png,/images/external/3444.png,false,false
https://digitalageexpo.com/3497.png,db,find_speakers,social_media_pic,3497,,,3497.png,/images/external/3497.png,false,false
https://digitalageexpo.com/4116.png,db,find_speakers,social_media_pic,4116,,,4116.png,/images/external/4116.png,false,false
https://digitalageexpo.com/5851.png,db,find_speakers,social_media_pic,5851,,,5851.png,/images/external/5851.png,false,false
https://digitalageexpo.com/6100.png,db,find_speakers,social_media_pic,6100,,,6100.png,/images/external/6100.png,false,false
https://digitalageexpo.com/7880.png,db,find_speakers,social_media_pic,7880,,,7880.png,/images/external/7880.png,false,false
https://digitalageexpo.com/8291.png,db,find_speakers,social_media_pic,8291,,,8291.png,/images/external/8291.png,false,false
https://digitalageexpo.com/8295.png,db,find_speakers,social_media_pic,8295,,,8295.png,/images/external/8295.png,false,false
https://digitalageexpo.com/8315.png,db,find_speakers,social_media_pic,8315,,,8315.png,/images/external/8315.png,false,false
