ID,Name,Code,Description
334,Agriculture,INDSTGXYSQ,"The agriculture industries in the UK is a vital sector encompassing the cultivation of crops, livestock farming, and agribusiness. It plays a crucial role in supplying food, supporting rural communities, and contributing to the economy. British agriculture is known for its high standards of quality and sustainability, with farmers employing modern technology and practices to increase efficiency and reduce environmental impact. The sector is diverse, ranging from small family farms to large-scale c"
335,Accounting,INDSTOYID,"Recognizing excellence in financial stewardship and reporting, Accounting awards celebrate outstanding achievement in maintaining fiscal integrity and transparency within organisations. These accolades honour professionals who demonstrate exceptional expertise in managing accounts, auditing, and financial analysis, contributing to the integrity and efficiency of business operations."
336,Advertising,INDSTQT,"Certainly! Advertising awards in British English can be described as prestigious accolades bestowed upon individuals, agencies, or campaigns within the advertising industry for outstanding creativity, innovation, and effectiveness in promotional communications. These awards celebrate excellence in various categories such as print, digital, television, radio, and social media advertising, highlighting the best and most impactful work in the field."
337,Aerospace,INDSTIY,"The Sir Frank Whittle Medal: Recognizing outstanding contributions to aerospace engineering and innovation, this prestigious award honors individuals who have made significant advancements in propulsion systems or aeronautical engineering.  The Geoffrey de Havilland Award: Celebrating excellence in aircraft design and manufacturing, this accolade acknowledges individuals or teams who have demonstrated exceptional ingenuity, craftsmanship, and technical prowess in the field of aerospace."
338,Apparel & Accessories,INDSTXJB,"Recognising excellence in fashion and style, the Apparel & Accessories awards celebrate innovation, craftsmanship, and design in clothing, jewellery, and related accessories within the British fashion industry."
339,Automotive,INDSTCQ,"Car of the Year: An accolade bestowed upon the automobile deemed the most outstanding in its class, considering performance, innovation, and consumer appeal.  Manufacturer of the Year: Recognizing excellence in automotive production and advancement, this award celebrates the company that has demonstrated exceptional achievements in design, engineering, and market success."
340,Banking,INDSTODJD,"Banking awards recognise excellence within the financial sector, honouring institutions and individuals who demonstrate outstanding performance, innovation, and customer service in banking services and products."
341,Broadcasting,INDSTVXRR,"Broadcasting awards recognise excellence in television, radio, and digital media, honouring outstanding programming, creativity, and talent within the industry. These prestigious accolades celebrate innovation, quality content, and contributions to the cultural landscape of broadcasting in the UK."
342,Brokerage,INDSTKRTI,"Brokerage awards recognise excellence in the field of brokerage services, honouring firms and individuals who demonstrate outstanding performance, innovation, and client satisfaction within the financial industry. These accolades celebrate the achievements of brokerage firms and professionals who excel in areas such as customer service, investment advice, market analysis, and overall contribution to the financial markets"
343,Biotechnology,INDSTRNSS,"Recognising excellence in the field of biotechnology, these awards celebrate groundbreaking research, innovative technologies, and impactful advancements in the life sciences sector."
344,Cargo Handling,INDSTBRK,"Cargo Handling awards recognise excellence in the efficient and safe management of goods throughout the logistics chain, encompassing loading, unloading, storage, and transportation within ports, warehouses, and distribution centres."
345,Chemical,INDSTDPJR,"The Chemical Awards celebrate excellence in the field of chemistry, honouring groundbreaking research, innovation, and contributions to the advancement of chemical sciences. These prestigious accolades recognise the outstanding achievements of individuals and teams across various domains within the discipline, ranging from fundamental research to applied technologies with significant societal impact."
346,Computer,INDSTZBCG,"Best Processor Award: Recognising the most innovative and efficient central processing unit (CPU) in computing.  Graphics Excellence Prize: Honouring outstanding achievement in graphic processing units (GPUs) for superior visual performance.  Innovation in Hardware Design Trophy: Celebrating groundbreaking advancements in the physical design of computer components.  Software Development Distinction: Commending exceptional software engineering efforts, highlighting creativity and functionality."
347,Consulting,INDSTFRRP,"Consulting awards recognise exceptional achievements and innovation within the consultancy industry, celebrating firms and individuals who demonstrate outstanding performance, client satisfaction, and contributions to the field of consultancy."
348,Consumer Products,INDSTXBFWX,"Recognising excellence in consumer products, these awards celebrate innovation, quality, and consumer satisfaction across a diverse range of categories, from electronics to household goods. Winners are chosen based on rigorous criteria, including functionality, design, and impact on the market"
349,Construction,INDSTMC,"Construction awards celebrate excellence in the British construction industry, honouring achievements in architecture, engineering, project management, sustainability, and innovation. These prestigious accolades recognise outstanding projects, teams, and individuals who demonstrate exceptional skill, creativity, and dedication in shaping the built environment."
350,Cosmetics,INDSTEKQ,"The Cosmetics Awards celebrate excellence in beauty products, recognizing innovation, quality, and effectiveness across various categories such as skincare, makeup, haircare, and fragrance. Judged by industry experts and beauty enthusiasts alike, these awards highlight the best-in-class products shaping the beauty landscape in the UK and beyond"
351,Defense,INDSTNQIA,"Defense awards recognise exemplary service, courage, and dedication within the military and defense sector. These prestigious accolades honour individuals or units for their outstanding contributions to national security, often bestowed for acts of bravery, leadership, or exceptional service in times of conflict or peacekeeping missions."
352,Department Stores,INDSTITBT,"Recognising excellence in the retail sector, the Department Stores Awards celebrate outstanding performance and innovation within the realm of British department stores. From exceptional customer service to cutting-edge product offerings, these accolades honour the best in the industry, setting benchmarks for excellence and inspiring continuous improvement."
353,Education,INDSTTBVQ,"Education awards in British English recognise outstanding achievements and contributions in the field of education. These awards celebrate excellence in teaching, research, leadership, innovation, and educational practices, honouring individuals, institutions, and initiatives that have made significant positive impacts on the education sector."
354,Electronics,INDSTKJOG,"The Electronics Awards celebrates innovation and excellence within the field of electronics in the UK. Recognising advancements in technology, design, and manufacturing, these awards honour individuals and organisations pushing the boundaries of electronic engineering and contributing to the advancement of the industry"
355,Energy,INDSTZOM,"The Energy Awards celebrate outstanding achievements and innovation within the energy sector in the UK. From advancements in renewable energy to pioneering technologies in energy efficiency, the awards recognise individuals and organisations driving positive change and sustainability in the industry"
356,Entertainment & Leisure,INDSTRNOF,"Entertainment & Leisure awards celebrate excellence in the realms of leisure pursuits, entertainment, and cultural enrichment. From recognising outstanding performances in theatre, music, and film to honoring achievements in gaming, tourism, and hospitality, these awards highlight the diverse facets of leisure and entertainment that enrich our lives."
357,Fashion,INDSTDWE,"The Fashion Awards celebrate excellence and innovation within the British fashion industry, honouring designers, models, stylists, and creatives who have made significant contributions to the world of fashion. From emerging talents to established icons, the awards recognise the finest achievements in design, craftsmanship, and artistic expression, shaping the cultural landscape of fashion both nationally and internationally"
358,Financial Services,INDSTWW,"Recognising excellence in financial services, these awards honour industry leaders and innovators, celebrating their contributions to the sector's growth, stability, and customer satisfaction."
359,Food & Beverage,INDSTDBT,"Recognising culinary excellence and innovation, the Food & Beverage Awards celebrate the finest establishments and products in the UK, showcasing exceptional taste, quality, and creativity within the hospitality industry."
360,Government,INDSTWRRAW,"OBE (Order of the British Empire): A prestigious award given for outstanding contributions to the community, arts, sciences, or public service.  MBE (Member of the Order of the British Empire): An honour recognizing exceptional achievements or service to the community, awarded by the monarch.  CBE (Commander of the Order of the British Empire): A higher-ranking honour than MBE, awarded for distinguished contributions to the arts, sciences, public service, or charity work."
361,Grocery,INDSTAHBRN,"The Grocery Awards celebrate excellence and innovation in the British grocery industry, recognizing outstanding products, retailers, and initiatives that contribute to the quality, diversity, and sustainability of the market."
362,Health Care and Medical,INDSTLQNSN,"Medical Achievement Honour: Honouring individuals or teams who have demonstrated exceptional dedication, skill, and impact in advancing medical research, treatment, or education within the British healthcare system.  Patient Care Distinction: Celebrating healthcare professionals who have shown exceptional empathy, professionalism, and effectiveness in providing patient-centered care, enhancing the overall patient experience in hospitals or clinics throughout Britain."
363,Human Resources / Training,INDSTLSVNF,"HR Excellence Award: Recognizing outstanding achievements and innovation in human resources management, this prestigious accolade celebrates organisations that excel in fostering a supportive, inclusive, and dynamic workplace culture.  Training Innovation Prize: Honouring pioneering approaches to employee development and learning, this award acknowledges initiatives that leverage creativity, technology, and effective pedagogy to enhance skills, knowledge, and performance within the workforce."
364,Industrial engineering,INDSTUMABE,"The Industrial Engineering Award recognises outstanding achievements and contributions in optimising industrial processes, enhancing productivity, and implementing innovative solutions to improve efficiency in manufacturing and production. This prestigious accolade celebrates individuals or teams who have demonstrated excellence in streamlining operations, reducing costs, and driving sustainable advancements within the industrial sector."
365,Insurance,INDSTQKVD,"Insurance awards recognize outstanding achievements and contributions within the insurance industry, celebrating excellence in areas such as innovation, customer service, risk management, and corporate responsibility. These accolades showcase companies and individuals who demonstrate exceptional performance and leadership in safeguarding against financial risks and protecting individuals and businesses from unforeseen circumstances."
366,Internet Publishing,INDSTXBGO,"The Internet Publishing Awards celebrate excellence in digital content creation, recognising outstanding achievements across various online platforms. From innovative storytelling to impactful journalism, these awards honour the best in internet publishing, showcasing the talent and creativity of content creators in the digital realm."
367,Investment Banking,INDSTVZS,"Recognising excellence in the field of investment banking, these awards celebrate the outstanding achievements, innovation, and strategic prowess demonstrated by leading financial institutions and professionals in the United Kingdom."
368,Legal,INDSTUIT,"Legal awards in British English refer to recognitions or honors bestowed upon individuals or organizations within the legal profession for excellence, achievements, or contributions. These awards often acknowledge outstanding performance in areas such as advocacy, litigation, legal innovation, pro bono work, or legal scholarship. They serve to highlight and celebrate the talent, dedication, and impact of those within the legal community."
369,Marketing,INDSTQQP,"Sure, here's a brief description of marketing awards in British English:  Marketing awards celebrate excellence and innovation in the field of marketing, recognizing outstanding campaigns, strategies, and individuals who have made significant contributions to the industry. These awards often cover various categories such as digital marketing, social media campaigns, branding, and advertising effectiveness. Winning a marketing award is seen as a prestigious achievement, showcasing the creativity,"
370,Manufacturing,INDSTHQU,"Manufacturing awards celebrate excellence and innovation within the manufacturing industry in the UK. These accolades recognize companies and individuals who demonstrate outstanding achievements in areas such as product quality, efficiency, sustainability, and technological advancement."
371,Media/Press/Publishing,INDSTPPE,"The British Media Awards: Recognizing excellence in media across various platforms, including journalism, broadcasting, and digital content creation.  The Press Awards: Celebrating outstanding achievements in print journalism, from investigative reporting to feature writing, within the UK media landscape.  The British Book Awards: Honouring the best of British publishing, these awards commend excellence in book writing, editing, design, and marketing."
372,Motion Picture & Video,INDSTUQM,"Certainly! In British English, the Motion Picture & Video awards could be succinctly described as accolades celebrating excellence in filmmaking and video production. These awards recognize outstanding achievement across various categories, including direction, acting, cinematography, editing, and more within the realm of motion pictures and video content."
373,Music,INDSTRMJKY,"Sure, here's a concise description:  Music awards in British English refer to prestigious ceremonies held to recognize outstanding achievements in the music industry. These events celebrate artists, albums, songs, and other contributions to the world of music. Awards such as the BRIT Awards, Mercury Prize, and Ivor Novello Awards are highly regarded within the British music scene, honoring excellence across various genres and categories."
374,Networking,INDSTQKBLQ,"Best Network Innovator Award: Recognizing individuals or companies pioneering innovative solutions and advancements in the field of networking, pushing the boundaries of connectivity.  Excellence in Network Security Award: Celebrating exceptional efforts in safeguarding networks against cyber threats, ensuring robust security measures and practices are implemented effectively."
375,Newspaper Publishers,INDSTLGKR,"The Newspaper Publishers awards celebrate excellence in journalism, honoring outstanding reporting, investigative work, and editorial achievements within the newspaper industry. Recognizing the dedication and skill of journalists across various categories, these awards highlight the vital role newspapers play in informing and shaping public discourse."
376,Non-profit,INDSTVQQP,"Recognising outstanding contributions to social welfare, community development, and charitable endeavors, non-profit awards celebrate individuals and organisations dedicated to making a positive impact without seeking financial gain"
377,Online Auctions,INDSTIVN,"Online Auctions Awards: Celebrating excellence in the realm of virtual bidding, these accolades recognise outstanding achievement and innovation within the British online auction industry."
378,Pension Funds,INDSTBBCH,"Pension Funds awards celebrate excellence in managing retirement investments, recognizing firms and professionals for their outstanding performance in safeguarding and growing pension assets."
379,Pharmaceuticals,INDSTXZU,"Recognising excellence and innovation in the field of pharmaceuticals, these awards honour outstanding contributions to advancements in medicine, research, and patient care. Celebrating the efforts of scientists, clinicians, and industry leaders, they showcase groundbreaking discoveries and impactful developments that improve healthcare worldwide"
380,Private Equity,INDSTISC,"Private Equity awards recognize excellence and achievement within the private equity industry. These accolades celebrate outstanding performance, innovation, and contributions to the growth and success of businesses through strategic investment and management expertise."
381,Public Relations,INDSTEPP,"Public Relations awards celebrate excellence in strategic communication and reputation management. Recognizing outstanding campaigns, innovative approaches, and impactful storytelling, these accolades honor the professionals and organizations shaping positive public perceptions and fostering meaningful connections."
382,Publishing,INDSTMZUX,"Publishing awards celebrate excellence in the literary world, recognizing outstanding achievements in writing, editing, design, and overall contribution to the industry. These accolades highlight the best works across various genres, from fiction and non-fiction to poetry and children's literature, showcasing the diverse talents within the publishing community"
383,Real Estate,INDSTVFR,"Real Estate awards recognize excellence and innovation in the property industry, celebrating achievements in areas such as development, architecture, sustainability, and community impact. These prestigious accolades honour outstanding individuals, companies, and projects shaping the landscape of British property"
